"","CHICK_ID","TYPE","TOT_OCC","MEAS_OCC","DATE_TIME","FLD_WEIGHT","BAG_WEIGHT","WEIGHT","WING","BILL_LEN","TIBIOTAR","FOOT","X1"
"1","1213-26-A","WB",9,1,"2012-12-19 16:15",295,20,275,45,11.6,NA,NA,367
"2","1213-26-B","WB",2,1,"2012-12-19 16:15",240,20,220,45,11.19,NA,NA,368
"3","1213-27-A","WB",9,1,"2012-12-19 16:30",470,20,450,63,12.51,NA,NA,369
"4","1213-27-B","WB",9,1,"2012-12-19 16:30",250,20,230,45,11.49,NA,NA,370
"5","1213-22-A","WB",8,1,"2012-12-19 16:58",720,20,700,67,11.78,NA,NA,371
"6","1213-22-B","WB",8,1,"2012-12-19 16:58",745,20,725,70,13.48,NA,NA,372
"7","1213-28-A","WB",8,1,"2012-12-19 17:25",385,20,365,48,11.99,NA,NA,373
"8","1213-28-B","WB",9,1,"2012-12-19 17:25",355,20,335,45,11.94,NA,NA,374
"9","1213-23-A","WB",8,1,"2012-12-17 16:00",180,10,170,43,10.77,NA,NA,375
"10","1213-23-B","WB",3,1,"2012-12-17 16:00",390,10,380,53,10.45,NA,NA,376
"11","1213-24-A","WB",9,1,"2012-12-20 18:50",720,20,700,64,12.57,NA,60,377
"12","1213-24-B","WB",9,1,"2012-12-20 18:50",505,20,485,59,11.45,NA,58,378
"13","1213-7-A","WB",9,1,"2012-12-20 19:15",555,20,535,62,11.83,NA,62,379
"14","1213-7-B","WB",10,1,"2012-12-20 19:15",355,20,335,51,10.46,NA,51,380
"15","1213-4-A","WB",7,1,"2012-12-23 14:15",570,20,550,70,12.38,83,73,387
"16","1213-4-B","WB",7,1,"2012-12-23 14:15",375,20,355,60,12.09,70,63,388
"17","1213-23-A","WB",8,2,"2012-12-23 14:26",900,20,880,80,13.61,93,77,389
"18","1213-23-B","WB",3,2,"2012-12-23 14:26",560,20,540,66,12.15,74,60,390
"19","1213-10-A","WB",1,1,"2012-12-23 14:41",270,20,250,55,11.46,70,54,391
"20","1213-10-B","WB",1,1,"2012-12-23 14:41",205,20,185,49,10.97,66,50,392
"21","1213-11-A","WB",8,1,"2012-12-23 14:51",685,20,665,65,12.71,79,68,393
"22","1213-11-B","WB",8,1,"2012-12-23 14:51",515,20,495,57,10.63,69,58,394
"23","1213-13-A","WB",2,1,"2012-12-23 14:58",660,20,640,72,14.01,79,66,395
"24","1213-22-A","WB",8,2,"2012-12-24 14:30",1550,27,1523,115,14.73,97,86,396
"25","1213-22-B","WB",8,2,"2012-12-24 14:30",1075,27,1048,113,13.76,99,82,397
"26","1213-19-A","WB",9,1,"2012-12-24 14:45",815,27,788,76,12.31,85,70,398
"27","1213-19-B","WB",9,1,"2012-12-24 14:45",520,27,493,54,11.98,71,57,399
"28","1213-16-A","WB",5,1,"2012-12-24 14:15",280,27,253,50,10.23,56,46,400
"29","1213-16-B","WB",8,1,"2012-12-24 14:15",110,27,83,38,9.1,38,38,401
"30","1213-25-S","WB",7,1,"2012-12-25 11:10",635,25,610,80,13.59,85,69,402
"31","1213-18-S","WB",6,1,"2012-12-25 13:30",780,25,755,77,13.31,88,72,403
"32","1213-27-A","WB",9,2,"2012-12-25 13:37",1075,25,1050,93,14.24,99,83,404
"33","1213-27-B","WB",9,2,"2012-12-25 13:37",610,25,585,63,12.9,76,60,405
"34","1213-5-A","WB",8,1,"2012-12-25 13:52",730,25,705,72,11.99,86,74,406
"35","1213-5-B","WB",7,1,"2012-12-25 13:52",430,25,405,60,11.95,72,60,407
"36","1213-28-B","WB",9,2,"2012-12-25 14:25",1075,15,1060,72,13.24,85,70,408
"37","1213-28-A","WB",8,2,"2012-12-25 14:25",1125,15,1110,73,13.73,85,70,409
"38","1213-24-B","WB",9,2,"2012-12-25 14:13",1000,15,985,81,13.67,91,76,410
"39","1213-24-A","WB",9,2,"2012-12-25 14:13",1375,15,1360,97,14.02,106,83,411
"40","1213-7-B","WB",10,2,"2012-12-25 14:41",710,27,683,72,13.13,80,67,412
"41","1213-7-A","WB",9,2,"2012-12-25 14:41",1050,15,1035,95,13.45,100,82,413
"42","1213-2-A","WB",8,1,"2012-12-26 13:01",710,23,687,59,11.79,73,61,414
"43","1213-2-B","WB",3,1,"2012-12-26 13:01",435,23,412,48,11.12,64,50,415
"44","1213-26-A","WB",9,2,"2012-12-26 13:07",620,23,597,64,12.15,77,63,416
"45","1213-26-B","WB",2,2,"2012-12-26 13:07",525,23,502,64,12.59,79,64,417
"46","1213-21-A","WB",7,1,"2012-12-26 13:22",570,23,547,65,11.56,73,63,418
"47","1213-21-B","WB",7,1,"2012-12-26 13:22",350,23,327,52,10.69,61,54,419
"48","1213-12-A","WB",8,1,"2012-12-26 13:36",480,23,457,64,12.12,75,67,420
"49","1213-12-B","WB",8,1,"2012-12-26 13:36",335,23,312,54,10.78,62,55,421
"50","1213-14-A","WB",8,1,"2012-12-27 15:40",665,25,640,71,12.74,77,70,422
"51","1213-14-B","WB",3,1,"2012-12-27 15:40",430,25,405,56,11.49,66,57,423
"52","1213-6-A","WB",3,1,"2012-12-27 15:57",775,25,750,70,12.6,84,72,424
"53","1213-6-B","WB",9,1,"2012-12-27 15:57",495,25,470,61,10.6,73,55,425
"54","1213-4-A","WB",7,2,"2012-12-28 13:30",1550,100,1450,102,13.92,105,90,426
"55","1213-4-B","WB",7,2,"2012-12-28 13:30",1225,100,1125,87,12.36,95,84,427
"56","1213-23-A","WB",8,3,"2012-12-28 13:45",1650,100,1550,121,15.43,111,94,428
"57","1213-23-B","WB",3,3,"2012-12-28 13:45",1250,100,1150,97,15.45,96,78,429
"58","1213-11-A","WB",8,2,"2012-12-28 13:55",1475,100,1375,99,14.42,97,88,430
"59","1213-11-B","WB",8,2,"2012-12-28 13:55",1250,100,1150,91,13.11,95,77,431
"60","1213-19-A","WB",9,2,"2012-12-29 13:04",1125,75,1050,110,12.96,108,84,433
"61","1213-19-B","WB",9,2,"2012-12-29 13:04",875,80,795,91,11.98,104,78,434
"62","1213-15-A","WB",1,1,"2012-12-29 13:12",935,80,855,77,12.34,91,72,435
"63","1213-15-B","WB",1,1,"2012-12-29 13:12",750,80,670,71,12.17,82,69,436
"64","1213-16-A","WB",5,2,"2012-12-29 13:20",815,80,735,77,12.11,84,69,437
"65","1213-22-A","WB",8,3,"2012-12-29 14:00",2100,75,2025,144,15.63,132,97,438
"66","1213-22-B","WB",8,3,"2012-12-29 14:00",1825,75,1750,145,15.24,117,98,439
"67","1213-13-A","WB",2,2,"2012-12-30 14:51",NA,NA,NA,99,16.16,100,86,440
"68","1213-25-S","WB",7,2,"2012-12-30 15:15",1375,75,1300,110,14.49,109,84,441
"69","1213-18-S","WB",6,2,"2012-12-30 15:20",1200,75,1125,112,14.09,112,87,442
"70","1213-27-A","WB",9,3,"2012-12-30 15:20",2275,75,2200,130,16.58,122,98,443
"71","1213-27-B","WB",9,3,"2012-12-30 15:20",975,75,900,91,14.68,98,85,444
"72","1213-5-A","WB",8,2,"2012-12-30 15:32",1450,75,1375,108,14.82,107,92,445
"73","1213-5-B","WB",7,2,"2012-12-30 15:32",975,75,900,84,12.81,95,81,446
"74","1213-24-A","WB",9,3,"2012-12-30 15:40",1650,75,1575,131,16.15,125,94,447
"75","1213-28-A","WB",8,3,"2012-12-30 15:50",1375,75,1300,109,15.96,108,89,448
"76","1213-28-B","WB",9,3,"2012-12-30 15:50",1500,75,1425,103,14.73,109,90,449
"77","1213-7-B","WB",10,3,"2012-12-30 16:10",1275,75,1200,100,13.31,101,81,450
"78","1213-24-B","WB",9,3,"2012-12-30 16:10",1600,75,1525,101,13.66,112,85,451
"79","1213-7-A","WB",9,3,"2012-12-30 16:10",1650,75,1575,133,14.87,119,95,452
"80","1213-1-A","WB",2,1,"2012-12-31 20:00",815,85,730,69,12.11,78,65,453
"81","1213-1-B","WB",6,1,"2012-12-31 20:00",595,85,510,56,10.85,66,56,454
"82","1213-26-A","WB",9,3,"2012-12-31 20:04",1675,90,1585,90,13.93,101,83,455
"83","1213-3-S","WB",6,1,"2012-12-31 20:10",660,85,575,62,12.26,74,65,456
"84","1213-2-A","WB",8,2,"2012-12-31 20:14",1125,75,1050,90,14.88,97,83,457
"85","1213-2-B","WB",3,2,"2012-12-31 20:14",725,85,640,73,14.17,91,72,458
"86","1213-12-B","WB",8,2,"2012-12-31 20:20",665,95,570,74,12.47,85,72,459
"87","1213-12-A","WB",8,2,"2012-12-31 20:20",855,95,760,95,15.36,101,86,460
"88","1213-21-A","WB",7,2,"2012-12-31 20:30",1250,120,1130,95,12.16,99,85,461
"89","1213-21-B","WB",7,2,"2012-12-31 20:30",705,95,610,75,12.47,86,70,462
"90","1213-6-A","WB",3,2,"2013-01-01 18:30",1225,75,1150,109,13.32,108,88,463
"91","1213-6-B","WB",9,2,"2013-01-01 18:30",865,85,780,86,12.55,98,80,464
"92","1213-14-B","WB",3,2,"2013-01-01 18:45",750,85,665,80,13.2,88,74,465
"93","1213-14-A","WB",8,2,"2013-01-01 18:45",1275,75,1200,100,14.38,100,87,466
"94","1213-23-A","WB",8,4,"2013-01-02 18:00",2625,100,2525,153,16.99,120,103,467
"95","1213-11-B","WB",8,3,"2013-01-02 18:10",1375,100,1275,128,14.81,114,95,468
"96","1213-11-A","WB",8,3,"2013-01-02 18:10",1700,100,1600,134,14.93,120,99,469
"97","1213-22-B","WB",8,4,"2013-01-03 19:10",2150,0,2150,160,16.99,136,103,470
"98","1213-22-A","WB",8,4,"2013-01-03 19:10",2750,275,2475,170,17.23,140,105,471
"99","1213-16-A","WB",5,3,"2013-01-03 19:15",1275,0,1275,114,13.53,105,90,472
"100","1213-16-B","WB",8,2,"2013-01-03 19:15",705,87,618,71,11.72,83,65,473
"101","1213-19-A","WB",9,3,"2013-01-03 19:25",1675,0,1675,141,14.31,124,94,474
"102","1213-19-B","WB",9,3,"2013-01-03 19:25",1125,0,1125,117,13.3,114,89,475
"103","1213-6-A","WB",3,3,"2013-01-03 20:36",NA,NA,NA,124,14.05,114,93,476
"104","1213-6-B","WB",9,3,"2013-01-03 20:46",1175,75,1100,103,14.13,112,84,477
"105","1213-25-S","WB",7,3,"2013-01-04 16:25",1575,85,1490,141,15.45,125,94,478
"106","1213-18-S","WB",6,3,"2013-01-04 16:30",2400,85,2315,145,14.88,134,94,479
"107","1213-27-A","WB",9,4,"2013-01-04 16:35",3100,375,2725,162,17.84,135,105,480
"108","1213-27-B","WB",9,4,"2013-01-04 16:35",1174,85,1089,102,15.91,105,84,481
"109","1213-5-A","WB",8,3,"2013-01-04 16:55",1800,375,1425,130,15.9,123,98,482
"110","1213-5-B","WB",7,3,"2013-01-04 16:55",1025,85,940,101,14.62,108,85,483
"111","1213-28-A","WB",8,4,"2013-01-04 17:05",2200,375,1825,135,16.89,123,98,484
"112","1213-28-B","WB",9,4,"2013-01-04 17:05",2350,375,1975,139,16.03,126,100,485
"113","1213-24-B","WB",9,4,"2013-01-04 17:15",1400,85,1315,128,15.27,120,93,486
"114","1213-24-A","WB",9,4,"2013-01-04 17:15",2925,375,2550,155,17.62,143,104,487
"115","1213-7-B","WB",10,4,"2013-01-04 17:20",1500,85,1415,124,15.46,112,90,488
"116","1213-7-A","WB",9,4,"2013-01-04 17:20",2375,375,2000,155,15.34,130,100,489
"117","1213-1-A","WB",2,2,"2013-01-05 14:00",1375,80,1295,98,14.43,100,82,490
"118","1213-1-B","WB",6,2,"2013-01-05 14:00",925,80,845,80,12.36,89,70,491
"119","1213-26-A","WB",9,4,"2013-01-05 14:05",2525,360,2165,125,14.32,120,93,492
"120","1213-3-S","WB",6,2,"2013-01-05 14:10",1175,80,1095,92,14.35,99,86,493
"121","1213-2-A","WB",8,3,"2013-01-05 14:12",1225,80,1145,123,15.37,113,95,494
"122","1213-2-B","WB",3,3,"2013-01-05 14:12",800,90,710,90,15.61,100,81,495
"123","1213-12-A","WB",8,3,"2013-01-05 14:25",1575,80,1495,127,16.29,116,97,496
"124","1213-12-B","WB",8,3,"2013-01-05 14:25",1000,80,920,98,13.82,99,84,497
"125","1213-21-A","WB",7,3,"2013-01-05 14:35",1700,80,1620,129,14.25,120,95,498
"126","1213-21-B","WB",7,3,"2013-01-05 14:35",975,80,895,89,14.14,102,83,499
"127","1213-19-B","WB",9,4,"2013-01-05 15:10",1400,100,1300,126,14.19,121,90,500
"128","1213-19-A","WB",9,4,"2013-01-05 15:10",2300,400,1900,149,15.48,130,95,501
"129","1213-14-A","WB",8,3,"2013-01-06 16:45",1575,85,1490,135,15.24,120,100,502
"130","1213-14-B","WB",3,3,"2013-01-06 16:45",925,85,840,102,14.29,102,83,503
"131","1213-6-B","WB",9,4,"2013-01-06 16:55",1700,85,1615,122,15.81,119,91,504
"132","1213-5-B","WB",7,4,"2013-01-06 17:05",1650,100,1550,113,14.84,115,92,505
"133","1213-5-A","WB",8,4,"2013-01-06 17:05",2025,100,1925,145,15.72,127,99,506
"134","1213-11-A","WB",8,4,"2013-01-07 14:20",2775,350,2425,162,17.16,133,104,507
"135","1213-11-B","WB",8,4,"2013-01-07 14:20",2600,350,2250,148,16.72,132,101,508
"136","1213-23-A","WB",8,5,"2013-01-07 14:25",3025,350,2675,169,18.29,138,98,509
"137","1213-24-A","WB",9,5,"2013-01-07 14:30",2825,365,2460,174,17.62,149,99,510
"138","1213-24-B","WB",9,5,"2013-01-07 14:30",2075,365,1710,143,16.13,126,92,511
"139","1213-7-A","WB",9,5,"2013-01-07 14:40",2475,365,2110,165,16.47,138,99,512
"140","1213-7-B","WB",10,5,"2013-01-07 14:40",2000,365,1635,142,15.18,125,90,513
"141","1213-4-B","WB",7,3,"2013-01-07 14:50",2275,365,1910,159,15.02,130,98,514
"142","1213-4-A","WB",7,3,"2013-01-07 14:50",2375,365,2010,165,16.59,133,100,515
"143","1213-27-A","WB",9,5,"2013-01-07 15:56",3025,375,2650,173,18.52,142,105,516
"144","1213-27-B","WB",9,5,"2013-01-07 15:56",1675,375,1300,113,15.8,115,90,517
"145","1213-2-A","WB",8,4,"2013-01-07 16:05",1675,375,1300,130,15.32,120,98,518
"146","1213-22-A","WB",8,5,"2013-01-08 15:10",3375,375,3000,182,19.11,151,108,519
"147","1213-22-B","WB",8,5,"2013-01-08 15:10",3100,375,2725,175,18.82,149,102,520
"148","1213-19-A","WB",9,5,"2013-01-08 15:30",2775,375,2400,164,16.36,135,96,521
"149","1213-19-B","WB",9,5,"2013-01-08 15:30",2625,375,2250,144,14.51,127,94,522
"150","1213-16-A","WB",5,4,"2013-01-08 15:40",2075,375,1700,143,15.22,122,99,523
"151","1213-16-B","WB",8,3,"2013-01-08 15:40",925,100,825,97,12.44,102,78,524
"152","1213-16-A","WB",5,5,"2013-01-09 14:00",NA,NA,NA,145,16.47,127,99,525
"153","1213-25-S","WB",7,4,"2013-01-09 14:10",2925,375,2550,161,17.58,135,95,526
"154","1213-27-A","WB",9,6,"2013-01-09 14:20",3500,375,3125,180,19.18,152,110,527
"155","1213-27-B","WB",9,6,"2013-01-09 14:20",2100,375,1725,127,15.81,120,95,528
"156","1213-5-B","WB",7,5,"2013-01-09 14:35",1800,375,1425,128,16.02,123,97,529
"157","1213-5-A","WB",8,5,"2013-01-09 14:35",2425,375,2050,160,16.29,130,100,530
"158","1213-28-A","WB",8,5,"2013-01-09 14:45",2775,375,2400,166,18.78,135,105,531
"159","1213-28-B","WB",9,5,"2013-01-09 14:45",2775,375,2400,165,17.48,137,102,532
"160","1213-24-A","WB",9,6,"2013-01-09 14:55",2875,375,2500,174,17.85,148,104,533
"161","1213-24-B","WB",9,6,"2013-01-09 14:55",1750,375,1375,148,16.64,125,94,534
"162","1213-7-A","WB",9,6,"2013-01-09 15:05",2575,375,2200,165,16.53,138,97,535
"163","1213-7-B","WB",10,6,"2013-01-09 15:05",2575,375,2200,153,16.16,127,92,536
"164","1213-18-S","WB",6,4,"2013-01-09 15:20",2800,375,2425,169,15.51,135,97,537
"165","1213-1-B","WB",6,3,"2013-01-10 15:00",1325,375,950,94,12.89,106,80,538
"166","1213-16-B","WB",8,4,"2013-01-10 15:05",1275,375,900,104,12.71,109,83,539
"167","1213-26-A","WB",9,5,"2013-01-10 15:10",2325,375,1950,150,15.59,129,95,540
"168","1213-3-S","WB",6,3,"2013-01-10 15:15",1825,375,1450,127,16.54,128,93,541
"169","1213-2-A","WB",8,5,"2013-01-10 15:20",2050,375,1675,146,16.31,125,100,542
"170","1213-21-A","WB",7,4,"2013-01-10 15:35",2125,375,1750,156,15.48,131,102,543
"171","1213-21-B","WB",7,4,"2013-01-10 15:35",1350,375,975,113,14.11,116,89,544
"172","1213-12-A","WB",8,4,"2013-01-10 15:50",2325,375,1950,158,17.78,131,101,545
"173","1213-12-B","WB",8,4,"2013-01-10 15:50",1900,375,1525,129,14.71,119,91,546
"174","1213-6-B","WB",9,5,"2013-01-11 13:50",2050,375,1675,149,16.66,133,99,547
"175","1213-14-A","WB",8,4,"2013-01-11 13:55",2775,375,2400,158,15.27,134,108,548
"176","1213-4-B","WB",7,4,"2013-01-12 12:45",2550,375,2175,175,16.34,141,107,549
"177","1213-4-A","WB",7,4,"2013-01-12 12:45",2625,375,2250,180,17.27,138,108,550
"178","1213-23-A","WB",8,6,"2013-01-12 13:00",2925,375,2550,175,19.5,140,104,551
"179","1213-11-B","WB",8,5,"2013-01-12 13:07",2725,375,2350,175,17.03,141,103,552
"180","1213-11-A","WB",8,5,"2013-01-12 13:15",2875,375,2500,178,18.34,139,99,553
"181","1213-16-B","WB",8,5,"2013-01-13 14:45",1800,375,1425,124,13.46,115,85,554
"182","1213-19-B","WB",9,6,"2013-01-13 14:50",2775,375,2400,171,15.8,140,98,555
"183","1213-19-A","WB",9,6,"2013-01-13 15:00",3050,375,2675,175,17.19,141,95,556
"184","1213-27-A","WB",9,7,"2013-01-14 13:30",4750,375,4375,188,20.31,156,110,557
"185","1213-5-A","WB",8,6,"2013-01-14 13:40",2550,375,2175,170,17,139,102,558
"186","1213-28-A","WB",8,6,"2013-01-14 13:55",3100,375,2725,185,19.87,141,100,559
"187","1213-27-B","WB",9,7,"2013-01-14 14:02",3025,375,2650,163,16.68,136,101,560
"188","1213-18-S","WB",6,5,"2013-01-14 14:10",3875,375,3500,179,17.12,138,101,561
"189","1213-22-B","WB",8,6,"2013-01-14 14:15",4475,375,4100,180,18.97,150,105,562
"190","1213-22-A","WB",8,6,"2013-01-14 14:20",4450,375,4075,181,21.61,155,102,563
"191","1213-5-B","WB",7,6,"2013-01-14 14:32",1875,375,1500,148,16.94,129,97,564
"192","1213-24-B","WB",9,7,"2013-01-14 14:45",2175,375,1800,168,17.59,136,99,565
"193","1213-7-B","WB",10,7,"2013-01-14 14:45",2625,375,2250,169,16.7,134,95,566
"194","1213-24-A","WB",9,7,"2013-01-14 14:55",3550,375,3175,185,18.16,150,104,567
"195","1213-7-A","WB",9,7,"2013-01-14 15:05",2775,375,2400,174,16.61,140,98,568
"196","1213-25-S","WB",7,5,"2013-01-14 15:15",2575,375,2200,170,18.43,140,98,569
"197","1213-28-B","WB",9,6,"2013-01-14 15:25",3175,375,2800,178,18.89,142,104,570
"198","1213-1-B","WB",6,4,"2013-01-15 17:30",2150,375,1775,119,13.62,120,88,571
"199","1213-2-A","WB",8,6,"2013-01-15 17:36",3157,375,2782,169,16.73,133,105,572
"200","1213-21-A","WB",7,5,"2013-01-15 17:49",2350,375,1975,174,16.67,140,104,573
"201","1213-3-S","WB",6,4,"2013-01-15 17:53",2375,375,2000,155,17.71,135,96,574
"202","1213-12-A","WB",8,5,"2013-01-15 18:04",2650,375,2275,174,18.57,136,104,575
"203","1213-21-B","WB",7,5,"2013-01-15 18:24",1575,375,1200,134,14.78,125,94,576
"204","1213-12-B","WB",8,5,"2013-01-15 18:40",2000,375,1625,158,16.32,130,95,577
"205","1213-26-A","WB",9,6,"2013-01-16 14:16",2750,400,2350,167,16.6,137,100,578
"206","1213-14-A","WB",8,5,"2013-01-16 14:32",2725,400,2325,173,16.69,141,109,579
"207","1213-6-B","WB",9,6,"2013-01-16 14:42",2700,400,2300,178,18.15,145,105,580
"208","1213-26-A","WB",9,7,"2013-01-17 14:16",2750,400,2350,167,16.6,137,100,581
"209","1213-14-A","WB",8,6,"2013-01-17 14:32",2725,400,2325,173,16.69,141,109,582
"210","1213-4-A","WB",7,5,"2013-01-17 14:37",2800,385,2415,181,18.13,142,105,583
"211","1213-11-B","WB",8,6,"2013-01-17 14:51",2550,385,2165,184,17.98,140,103,584
"212","1213-4-B","WB",7,5,"2013-01-17 15:00",3400,385,3015,189,17.03,141,111,585
"213","1213-23-A","WB",8,7,"2013-01-17 15:15",4125,385,3740,183,20.67,140,103,586
"214","1213-11-A","WB",8,6,"2013-01-17 15:25",2900,385,2515,182,19.05,138,103,587
"215","1213-22-A","WB",8,7,"2013-01-18 14:09",4500,375,4125,188,22.73,152,110,588
"216","1213-22-B","WB",8,7,"2013-01-18 14:22",4400,375,4025,187,20.5,150,106,589
"217","1213-16-B","WB",8,6,"2013-01-18 14:47",1625,375,1250,136,14.29,125,90,590
"218","1213-19-B","WB",9,7,"2013-01-18 14:58",2500,385,2115,178,16.8,142,100,591
"219","1213-19-A","WB",9,7,"2013-01-18 15:03",3100,385,2715,175,18.78,140,96,592
"220","1213-27-A","WB",9,8,"2013-01-21 12:14",4800,375,4425,192,22.91,159,109,593
"221","1213-26-A","WB",9,8,"2013-01-21 12:24",2675,375,2300,165,17.6,138,97,594
"222","1213-1-B","WB",6,5,"2013-01-21 12:30",2275,375,1900,144,14.21,129,94,595
"223","1213-5-A","WB",8,7,"2013-01-21 12:36",2375,375,2000,171,18.91,140,105,596
"224","1213-5-B","WB",7,7,"2013-01-21 12:43",1675,375,1300,151,16.79,131,100,597
"225","1213-21-B","WB",7,6,"2013-01-21 12:49",1475,375,1100,144,15.42,132,93,598
"226","1213-2-A","WB",8,7,"2013-01-21 12:55",3350,375,2975,179,18.37,140,105,599
"227","1213-3-S","WB",6,5,"2013-01-21 13:00",3125,375,2750,181,17.87,145,104,600
"228","1213-27-B","WB",9,8,"2013-01-21 13:12",3150,375,2775,178,18.43,144,102,601
"229","1213-24-B","WB",9,8,"2013-01-21 13:30",2150,375,1775,171,18.45,141,98,602
"230","1213-21-A","WB",7,6,"2013-01-21 13:42",2500,375,2125,182,16.77,140,105,603
"231","1213-28-A","WB",8,7,"2013-01-21 13:51",3200,375,2825,185,20.64,145,105,604
"232","1213-28-B","WB",9,7,"2013-01-21 13:54",3650,375,3275,178,20.53,144,106,605
"233","1213-6-B","WB",9,7,"2013-01-21 14:05",3250,375,2875,186,18.8,153,103,606
"234","1213-18-S","WB",6,6,"2013-01-21 14:20",3825,375,3450,181,19.42,147,95,607
"235","1213-24-A","WB",9,8,"2013-01-21 14:32",4125,375,3750,190,20.89,155,104,608
"236","1213-12-A","WB",8,6,"2013-01-21 14:41",2725,375,2350,179,20.14,143,104,609
"237","1213-14-A","WB",8,7,"2013-01-21 14:53",4000,375,3625,181,17.75,140,109,610
"238","1213-12-B","WB",8,6,"2013-01-21 15:01",2525,375,2150,164,17.39,130,96,611
"239","1213-7-B","WB",10,8,"2013-01-21 15:16",3500,375,3125,170,18.42,141,95,612
"240","1213-25-S","WB",7,6,"2013-01-21 15:23",3700,375,3325,175,19.5,145,97,613
"241","1213-7-A","WB",9,8,"2013-01-21 15:53",3000,375,2625,174,18.63,142,99,614
"242","1213-4-B","WB",7,6,"2013-01-22 11:10",2850,400,2450,188,18.06,145,111,615
"243","1213-4-A","WB",7,6,"2013-01-22 11:18",2425,400,2025,184,19.08,144,105,616
"244","1213-11-B","WB",8,7,"2013-01-22 11:40",3425,400,3025,192,19.58,144,104,617
"245","1213-11-A","WB",8,7,"2013-01-22 11:58",3650,375,3275,182,20.83,145,105,618
"246","1213-23-A","WB",8,8,"2013-01-22 12:28",4150,375,3775,181,20.9,145,104,619
"247","1213-22-A","WB",8,8,"2013-01-23 NA:NA",4525,400,4125,184,23.58,150,108,620
"248","1213-21-B","WB",7,7,"2013-01-23 NA:NA",1000,0,1000,153,15.49,132,94,621
"249","1213-22-B","WB",8,8,"2013-01-23 NA:NA",3925,375,3550,186,20.98,154,99,622
"250","1213-16-B","WB",8,7,"2013-01-23 NA:NA",2525,375,2150,154,14.41,135,93,623
"251","1213-19-B","WB",9,8,"2013-01-23 NA:NA",3550,385,3165,178,17.11,146,100,624
"252","1213-19-A","WB",9,8,"2013-01-23 NA:NA",2350,375,1975,175,18.5,143,98,625
"253","1213-2-A","WB",8,8,"2013-01-31 14:00",3475,375,3100,180,20.76,145,105,626
"254","1213-24-B","WB",9,9,"2013-01-31 14:00",2025,375,1650,170,19.62,140,95,627
"255","1213-7-A","WB",9,9,"2013-01-31 14:00",2575,375,2200,175,19.25,137,98,628
"256","1213-3-S","WB",6,6,"2013-01-31 14:00",3425,400,3025,175,20.45,150,100,629
"257","1213-21-A","WB",7,7,"2013-01-31 14:00",3700,400,3300,186,18.46,146,104,630
"258","1213-25-S","WB",7,7,"2013-01-31 14:00",3750,400,3350,176,21.61,146,98,631
"259","1213-27-B","WB",9,9,"2013-01-31 14:00",3325,400,2925,182,20.16,146,103,632
"260","1213-1-B","WB",6,6,"2013-01-31 14:00",3900,400,3500,171,16.32,133,90,633
"261","1213-7-B","WB",10,9,"2013-01-31 14:00",3475,400,3075,174,19.87,144,98,634
"262","1213-4-B","WB",7,7,"2013-01-31 14:00",3675,400,3275,192,19.01,145,110,635
"263","1213-26-A","WB",9,9,"2013-01-31 14:00",2650,400,2250,169,18.87,137,96,636
"264","1213-11-A","WB",8,8,"2013-01-31 14:00",3000,400,2600,181,20.69,150,101,637
"265","1213-4-A","WB",7,7,"2013-01-31 14:00",3075,400,2675,180,18.94,150,102,638
"266","1213-27-A","WB",9,9,"2013-01-31 14:00",3900,400,3500,191,23.56,154,107,639
"267","1213-24-A","WB",9,9,"2013-01-31 14:00",4375,400,3975,185,22.49,153,103,640
"268","1213-11-B","WB",8,8,"2013-01-31 14:00",2900,400,2500,181,20.36,139,100,641
"269","1213-28-A","WB",8,8,"2013-01-31 14:00",3475,400,3075,183,22.59,145,105,642
"270","1213-5-A","WB",8,8,"2013-02-01 14:00",3200,375,2825,169,19.7,136,100,643
"271","1213-19-A","WB",9,9,"2013-02-01 14:00",2325,375,1950,172,19.55,137,95,644
"272","1213-12-A","WB",8,7,"2013-02-01 14:00",3450,375,3075,178,22.01,145,102,645
"273","1213-16-B","WB",8,8,"2013-02-01 14:00",NA,0,NA,158,15.35,141,94,646
"274","1213-28-B","WB",9,8,"2013-02-01 14:00",3225,375,2850,180,21.77,147,104,647
"275","1213-6-B","WB",9,8,"2013-02-03 13:30",3300,375,2925,188,21.06,144,101,648
"276","1213-12-B","WB",8,7,"2013-02-03 13:30",2150,375,1775,165,18.4,140,93,649
"277","1213-19-B","WB",9,9,"2013-02-04 14:15",3125,400,2725,178,19.17,147,100,650
"278","1213-14-A","WB",8,8,"2013-02-06 17:00",3550,400,3150,180,20.51,145,106,651
"279","1213-6-B","WB",9,9,"2013-02-06 17:00",3525,400,3125,186,21.54,148,99,652
"280","1213-7-B","WB",10,10,"2013-02-06 17:00",3825,400,3425,173,19.99,140,95,653
"281","1213-12-B","WB",8,8,"2013-02-06 17:00",2450,400,2050,169,18.34,135,96,654
"282","1213-28-B","WB",9,9,"2013-02-06 17:00",3725,400,3325,180,21.73,147,100,655
"283","1213-12-A","WB",8,8,"2013-02-06 17:00",3825,400,3425,181,22.97,149,104,656
"284","1314-9-A","WB",6,1,"2013-12-21 15:39",985,200,785,84,14.02,96,81,657
"285","1314-9-B","WB",3,1,"2013-12-21 15:39",765,200,565,73,13.21,85,72,658
"286","1314-48611-S","KA",8,1,"2013-12-22 17:07",600,200,400,56,13.49,70,60,659
"287","1314-49972-A","KA",8,1,"2013-12-22 19:40",600,200,400,52,14.24,64,51,660
"288","1314-49972-B","KA",1,1,"2013-12-22 19:40",270,200,70,36,9.14,39,35,661
"289","1314-46183-A","KA",8,1,"2013-12-23 15:30",875,200,675,75,13.78,80,74,662
"290","1314-46183-B","KA",2,1,"2013-12-23 15:30",740,200,540,64,13.5,74,64,663
"291","1314-47594-A","KA",8,1,"2013-12-23 NA:NA",370,195,175,42,4.79,48,40,664
"292","1314-47594-B","KA",7,1,"2013-12-23 NA:NA",355,195,160,42,4.49,45,39,665
"293","1314-13-A","WB",7,1,"2013-12-23 17:36",875,0,875,80,13.58,95,74,666
"294","1314-13-B","WB",3,1,"2013-12-23 17:36",585,200,385,53,9.68,66,52,667
"295","1314-11-A","WB",1,1,"2013-12-23 17:47",695,200,495,64,11.88,73,62,668
"296","1314-8-A","WB",1,1,"2013-12-24 13:19",745,200,545,70,12.51,80,69,669
"297","1314-15-A","WB",7,1,"2013-12-24 13:32",680,200,480,55,13.32,65,53,670
"298","1314-15-B","WB",6,1,"2013-12-24 13:32",665,200,465,55,12.23,65,55,671
"299","1314-12-A","WB",8,1,"2013-12-24 13:38",695,205,490,65,12.45,78,63,672
"300","1314-12-B","WB",2,1,"2013-12-24 13:38",445,205,240,49,10.73,60,50,673
"301","1314-48391-S","KA",7,1,"2013-12-24 NA:NA",370,200,170,41,10.3,47,40,674
"302","1314-40225-A","KA",8,1,"2013-12-24 NA:NA",890,200,690,80,12.38,86,70,675
"303","1314-40225-B","KA",2,1,"2013-12-24 NA:NA",780,200,580,71,11.11,82,68,676
"304","1314-45124-A","KA",7,1,"2013-12-25 NA:NA",485,200,285,50,11.23,59,48,677
"305","1314-45124-B","KA",4,1,"2013-12-25 NA:NA",390,200,190,42,10.74,50,41,678
"306","1314-7-A","WB",8,1,"2013-12-25 18:10",705,200,505,64,13.2,76,62,679
"307","1314-7-B","WB",2,1,"2013-12-25 18:10",515,200,315,55,11.53,64,54,680
"308","1314-41381-A","KA",4,1,"2013-12-27 NA:NA",485,200,285,52,11.82,66,50,681
"309","1314-41381-B","KA",1,1,"2013-12-27 NA:NA",480,200,280,47,10,61,46,682
"310","1314-41381-O","KA",6,1,"2013-12-27 NA:NA",530,200,330,54,11.57,66,52,683
"311","1314-48970-S","KA",4,1,"2013-12-27 NA:NA",510,205,305,54,10.58,63,52,684
"312","1314-40225-A","KA",8,2,"2013-12-27 NA:NA",975,0,975,86,13.25,98,74,685
"313","1314-40225-B","KA",2,2,"2013-12-27 NA:NA",725,0,725,78,11.12,93,73,686
"314","1314-46641-S","KA",5,1,"2013-12-27 NA:NA",900,0,900,85,13.03,90,73,687
"315","1314-62288-S","KA",5,1,"2013-12-28 NA:NA",375,200,175,36,10.57,48,40,688
"316","1314-49972-A","KA",8,2,"2013-12-28 NA:NA",1050,0,1050,79,12.56,91,75,689
"317","1314-46183-A","KA",8,2,"2013-12-28 NA:NA",725,0,725,94,14.42,97,83,690
"318","1314-46183-B","KA",2,2,"2013-12-28 NA:NA",575,0,575,82,14.74,91,75,691
"319","1314-13-A","WB",7,2,"2013-12-28 20:00",1250,0,1250,115,13.31,113,85,692
"320","1314-13-B","WB",3,2,"2013-12-28 20:00",710,195,515,66,10.58,79,60,693
"321","1314-12-A","WB",8,2,"2013-12-29 12:15",1125,0,1125,97,13.28,103,81,694
"322","1314-12-B","WB",2,2,"2013-12-29 12:15",625,200,425,62,11.27,76,60,695
"323","1314-15-A","WB",7,2,"2013-12-29 12:20",960,200,760,69,14.37,88,70,696
"324","1314-15-B","WB",6,2,"2013-12-29 12:20",800,200,600,74,13.46,85,70,697
"325","1314-9-A","WB",6,2,"2013-12-29 12:45",1525,0,1525,135,14.8,128,98,698
"326","1314-9-B","WB",3,2,"2013-12-29 12:45",1075,0,1075,115,15,115,91,699
"327","1314-48611-S","KA",8,2,"2013-12-29 NA:NA",1100,0,1100,95,13.8,105,84,700
"328","1314-46604-S","KA",6,1,"2013-12-29 NA:NA",625,200,425,53,12.17,69,56,701
"329","1314-44554-A","KA",5,1,"2013-12-30 NA:NA",820,200,620,61,13.32,78,60,702
"330","1314-44554-B","KA",1,1,"2013-12-30 NA:NA",495,200,295,48,10.87,58,45,703
"331","1314-48931-S","KA",6,1,"2013-12-30 NA:NA",950,0,950,86,13.61,94,75,704
"332","1314-45124-B","KA",4,2,"2013-12-30 NA:NA",670,200,470,55,11.15,68,55,705
"333","1314-47594-A","KA",8,2,"2013-12-30 NA:NA",535,200,335,61,13.05,75,62,706
"334","1314-47594-B","KA",7,2,"2013-12-30 NA:NA",510,200,310,57,12.05,70,57,707
"335","1314-7-A","WB",8,2,"2013-12-30 20:35",875,0,875,86,14.71,100,79,708
"336","1314-7-B","WB",2,2,"2013-12-30 20:35",790,200,590,74,12.91,88,70,709
"337","1314-51416-A","KA",5,1,"2013-12-31 NA:NA",740,195,545,62,11.08,71,56,710
"338","1314-51416-B","KA",2,1,"2013-12-31 NA:NA",675,195,480,57,11.37,70,53,711
"339","1314-51481-A","KA",4,1,"2013-12-31 NA:NA",475,195,280,50,10.9,60,51,712
"340","1314-51481-B","KA",3,1,"2013-12-31 NA:NA",425,195,230,49,11.3,56,44,713
"341","1314-47679-A","KA",5,1,"2013-12-31 NA:NA",875,0,875,71,12.64,86,69,714
"342","1314-47679-B","KA",5,1,"2013-12-31 NA:NA",655,200,455,71,12.43,79,63,715
"343","1314-3-S","WB",7,1,"2013-12-31 18:20",955,200,755,80,13.54,93,74,716
"344","1314-48391-S","KA",7,2,"2013-12-31 NA:NA",680,200,480,72,12.72,85,70,717
"345","1314-70189-S","KA",7,1,"2014-01-01 NA:NA",785,200,585,63,11.76,79,63,718
"346","1314-49909-S","KA",4,1,"2014-01-01 NA:NA",510,200,310,47,10.46,59,48,719
"347","1314-32026-A","KA",4,1,"2014-01-01 NA:NA",825,0,825,84,14.98,100,79,720
"348","1314-41336-A","KA",6,1,"2014-01-01 NA:NA",1200,0,1200,97,12.87,99,79,721
"349","1314-41336-B","KA",6,1,"2014-01-01 NA:NA",860,200,660,75,12.08,88,69,722
"350","1314-43993-S","KA",3,1,"2014-01-01 NA:NA",445,200,245,45,12.18,55,45,723
"351","1314-50054-A","KA",6,1,"2014-01-01 NA:NA",710,200,510,69,12.02,78,63,724
"352","1314-50054-B","KA",1,1,"2014-01-01 NA:NA",455,200,255,51,10.88,57,48,725
"353","1314-5-A","WB",1,1,"2014-01-01 19:40",750,200,550,63,12.52,73,60,726
"354","1314-13-A","WB",7,3,"2014-01-01 19:45",1775,0,1775,134,14.18,126,94,727
"355","1314-13-B","WB",3,3,"2014-01-01 19:45",785,200,585,69,11.34,86,64,728
"356","1314-14-S","WB",1,1,"2014-01-01 19:55",785,200,585,68,12.72,80,67,729
"357","1314-48970-S","KA",4,2,"2014-01-01 NA:NA",875,0,875,80,13.61,89,75,730
"358","1314-32462-S","KA",3,1,"2014-01-02 NA:NA",405,200,205,44,9.86,52,45,731
"359","1314-48000-S","KA",6,1,"2014-01-02 NA:NA",870,200,670,68,13.07,81,64,732
"360","1314-69403-A","KA",3,1,"2014-01-02 NA:NA",455,200,255,47,11.11,59,49,733
"361","1314-48537-A","KA",5,1,"2014-01-02 NA:NA",535,200,335,54,10.49,59,49,734
"362","1314-48537-B","KA",2,1,"2014-01-02 NA:NA",330,200,130,44,10.44,49,41,735
"363","1314-45151-S","KA",4,1,"2014-01-02 NA:NA",850,0,850,85,15.02,94,73,736
"364","1314-49972-A","KA",8,3,"2014-01-02 NA:NA",1000,0,1000,107,13.99,110,88,737
"365","1314-40225-A","KA",8,3,"2014-01-02 NA:NA",1175,0,1175,110,14.19,117,85,738
"366","1314-46183-A","KA",8,3,"2014-01-02 NA:NA",1025,0,1025,111,14.47,105,86,739
"367","1314-9-B","WB",3,3,"2014-01-03 13:50",1175,0,1175,134,15.32,126,99,740
"368","1314-9-A","WB",6,3,"2014-01-03 13:50",2025,0,2025,162,15.93,142,99,741
"369","1314-12-A","WB",8,3,"2014-01-03 14:00",2125,0,2125,135,15.27,125,92,742
"370","1314-15-A","WB",7,3,"2014-01-03 14:05",1150,0,1150,93,15.68,112,85,743
"371","1314-15-B","WB",6,3,"2014-01-03 14:05",675,0,675,84,14.95,98,78,744
"372","1314-46792-S","KA",6,1,"2014-01-03 NA:NA",1175,0,1175,85,13.61,100,79,745
"373","1314-62288-S","KA",5,2,"2014-01-03 NA:NA",600,195,405,54,12.74,69,57,746
"374","1314-41381-O","KA",6,2,"2014-01-03 NA:NA",875,0,875,72,12.33,86,67,748
"375","1314-41381-A","KA",4,2,"2014-01-03 NA:NA",875,0,875,76,12.37,91,66,749
"376","1314-48611-S","KA",8,3,"2014-01-03 NA:NA",1350,0,1350,129,14.47,126,94,750
"377","1314-47594-A","KA",8,3,"2014-01-03 NA:NA",1100,0,1100,79,13.32,97,80,751
"378","1314-47594-B","KA",7,3,"2014-01-03 NA:NA",825,0,825,70,13.25,85,70,752
"379","1314-49629-A","KA",5,1,"2014-01-03 NA:NA",880,195,685,74,12.5,86,70,753
"380","1314-49629-B","KA",1,1,"2014-01-03 NA:NA",405,195,210,58,10.82,61,49,754
"381","1314-32480-S","KA",3,1,"2014-01-03 NA:NA",395,195,200,45,10.17,52,45,755
"382","1314-69773-S","KA",3,1,"2014-01-04 NA:NA",410,195,215,39,10.9,49,41,756
"383","1314-69644-A","KA",3,1,"2014-01-04 NA:NA",900,200,700,68,13.94,81,64,757
"384","1314-45124-A","KA",7,2,"2014-01-04 NA:NA",950,0,950,89,14.53,101,79,758
"385","1314-45124-B","KA",4,3,"2014-01-04 NA:NA",520,200,320,59,12.76,76,60,759
"386","1314-7-A","WB",8,3,"2014-01-04 20:10",1775,0,1775,115,15.93,120,94,760
"387","1314-3-S","WB",7,2,"2014-01-04 20:20",1125,0,1125,104,15.3,110,85,761
"388","1314-48326-S","KA",7,1,"2014-01-05 NA:NA",875,0,875,79,13.55,96,77,762
"389","1314-50328-S","KA",3,1,"2014-01-05 NA:NA",530,200,330,47,11.3,63,51,763
"390","1314-45846-A","KA",5,1,"2014-01-05 NA:NA",1000,0,1000,92,13.98,95,78,764
"391","1314-51089-A","KA",5,1,"2014-01-05 NA:NA",1025,0,1025,79,12.92,96,75,765
"392","1314-48391-S","KA",7,3,"2014-01-05 NA:NA",855,200,655,95,13.38,100,84,766
"393","1314-51416-A","KA",5,2,"2014-01-05 NA:NA",695,200,495,72,11.43,87,67,767
"394","1314-51416-B","KA",2,2,"2014-01-05 NA:NA",260,15,245,61,11.56,70,58,768
"395","1314-43993-S","KA",3,2,"2014-01-05 NA:NA",610,200,410,62,12.27,74,61,769
"396","1314-70189-S","KA",7,2,"2014-01-05 NA:NA",1050,0,1050,85,13.49,100,78,770
"397","1314-48537-A","KA",5,2,"2014-01-05 NA:NA",645,200,445,64,11.63,75,59,771
"398","1314-48537-B","KA",2,2,"2014-01-05 NA:NA",390,200,190,49,10.64,55,44,772
"399","1314-44554-A","KA",5,2,"2014-01-05 NA:NA",1325,0,1325,89,14.11,100,76,773
"400","1314-13-A","WB",7,4,"2014-01-06 12:00",1775,0,1775,154,16.02,137,97,774
"401","1314-48970-S","KA",4,3,"2014-01-06 NA:NA",1150,0,1150,105,14.73,109,88,775
"402","1314-69403-A","KA",3,2,"2014-01-06 NA:NA",580,200,380,64,12.6,79,64,776
"403","1314-62026-A","KA",2,1,"2014-01-07 NA:NA",660,200,460,54,12.62,68,56,777
"404","1314-62026-B","KA",1,1,"2014-01-07 NA:NA",335,200,135,46,11.59,50,42,778
"405","1314-32462-S","KA",3,2,"2014-01-07 NA:NA",745,200,545,59,11.02,75,60,779
"406","1314-48445-S","KA",5,1,"2014-01-07 NA:NA",1625,0,1625,104,14.57,110,83,780
"407","1314-48931-S","KA",6,2,"2014-01-07 NA:NA",1625,0,1625,139,14.94,121,97,781
"408","1314-48000-S","KA",6,2,"2014-01-07 NA:NA",675,0,675,90,14.55,99,79,782
"409","1314-69773-S","KA",3,2,"2014-01-07 NA:NA",365,200,165,46,12.1,55,46,783
"410","1314-45151-S","KA",4,2,"2014-01-07 NA:NA",875,200,675,108,16.37,110,87,784
"411","1314-51089-A","KA",5,2,"2014-01-07 NA:NA",835,200,635,59,14.27,100,78,785
"412","1314-49972-A","KA",8,4,"2014-01-07 NA:NA",1275,0,1275,148,14.19,123,95,786
"413","1314-46604-S","KA",6,2,"2014-01-07 NA:NA",880,200,680,89,14.57,100,82,787
"414","1314-47679-A","KA",5,2,"2014-01-07 NA:NA",1100,0,1100,102,14.38,110,85,788
"415","1314-47679-B","KA",5,2,"2014-01-07 NA:NA",700,200,500,81,13.26,97,73,789
"416","1314-51481-A","KA",4,2,"2014-01-07 NA:NA",680,200,480,72,12.99,87,73,790
"417","1314-51481-B","KA",3,2,"2014-01-07 NA:NA",555,200,355,63,13.11,79,64,791
"418","1314-41336-A","KA",6,2,"2014-01-07 NA:NA",1250,0,1250,128,15.17,120,94,792
"419","1314-41336-B","KA",6,2,"2014-01-07 NA:NA",625,0,625,88,13.44,100,77,793
"420","1314-46678-A","KA",5,1,"2014-01-08 NA:NA",975,0,975,87,14.64,98,75,794
"421","1314-62154-S","KA",2,1,"2014-01-08 NA:NA",720,190,530,60,12.47,72,62,795
"422","1314-46792-S","KA",6,2,"2014-01-08 NA:NA",1575,0,1575,115,14.62,114,89,796
"423","1314-49909-S","KA",4,2,"2014-01-08 NA:NA",700,200,500,64,12.24,74,62,797
"424","1314-45846-A","KA",5,2,"2014-01-08 NA:NA",1100,0,1100,108,14.66,105,85,798
"425","1314-69644-A","KA",3,2,"2014-01-08 NA:NA",865,200,665,86,13.92,98,76,799
"426","1314-50054-A","KA",6,2,"2014-01-08 NA:NA",875,0,875,99,12.64,99,79,800
"427","1314-48326-S","KA",7,2,"2014-01-08 NA:NA",1125,0,1125,99,14.04,105,84,801
"428","1314-47594-A","KA",8,4,"2014-01-08 NA:NA",1325,0,1325,104,14.84,114,88,802
"429","1314-47594-B","KA",7,4,"2014-01-08 NA:NA",1050,0,1050,85,14.02,99,79,803
"430","1314-32026-A","KA",4,2,"2014-01-08 NA:NA",1625,0,1625,115,15.41,123,92,804
"431","1314-46641-S","KA",5,2,"2014-01-08 NA:NA",2375,0,2375,147,15.5,134,99,805
"432","1314-62288-S","KA",5,3,"2014-01-08 NA:NA",875,0,875,72,14.69,87,71,806
"433","1314-48611-S","KA",8,4,"2014-01-08 NA:NA",2100,0,2100,157,16.06,135,100,807
"434","1314-32480-S","KA",3,2,"2014-01-08 NA:NA",725,200,525,63,12.15,75,67,808
"435","1314-12-A","WB",8,4,"2014-01-08 23:30",2500,0,2500,163,16.32,140,100,809
"436","1314-49554-S","KA",3,1,"2014-01-09 NA:NA",760,195,565,84,13.35,87,76,865
"437","1314-49629-A","KA",5,2,"2014-01-09 NA:NA",850,0,850,100,13.16,109,82,866
"438","1314-45124-A","KA",7,3,"2014-01-09 NA:NA",1600,0,1600,117,15.32,115,92,867
"439","1314-45124-B","KA",4,4,"2014-01-09 NA:NA",510,200,310,64,12.21,78,65,868
"440","1314-50328-S","KA",3,2,"2014-01-09 NA:NA",650,200,450,56,11.02,70,57,869
"441","1314-41381-O","KA",6,3,"2014-01-09 NA:NA",850,0,850,95,12.98,100,79,870
"442","1314-7-A","WB",8,4,"2014-01-09 19:00",1875,0,1875,153,16.73,130,101,871
"443","1314-3-S","WB",7,3,"2014-01-09 19:10",1475,0,1475,131,16.08,124,92,872
"444","1314-41381-A","KA",4,3,"2014-01-10 NA:NA",875,0,875,101,12.86,115,87,873
"445","1314-43993-S","KA",3,3,"2014-01-10 NA:NA",550,0,550,74,13.81,85,71,874
"446","1314-40225-A","KA",8,4,"2014-01-10 NA:NA",1575,0,1575,141,16.07,129,91,875
"447","1314-70189-S","KA",7,3,"2014-01-10 NA:NA",925,0,925,108,14.9,113,88,876
"448","1314-48537-A","KA",5,3,"2014-01-10 NA:NA",970,195,775,83,12.63,94,73,877
"449","1314-51416-A","KA",5,3,"2014-01-10 NA:NA",1225,0,1225,89,13.37,99,76,878
"450","1314-48391-S","KA",7,4,"2014-01-10 NA:NA",1100,0,1100,109,15.11,105,89,879
"451","1314-48970-S","KA",4,4,"2014-01-11 NA:NA",1375,0,1375,135,15.09,124,96,880
"452","1314-46183-A","KA",8,4,"2014-01-11 NA:NA",1950,0,1950,151,15.73,124,97,881
"453","1314-48000-S","KA",6,3,"2014-01-11 NA:NA",800,0,800,93,14.88,105,81,882
"454","1314-69403-A","KA",3,3,"2014-01-11 NA:NA",940,190,750,54,16.67,99,80,883
"455","1314-51089-A","KA",5,3,"2014-01-11 NA:NA",1250,0,1250,111,15.04,113,90,884
"456","1314-62026-A","KA",2,2,"2014-01-11 NA:NA",540,190,350,63,12.1,75,59,885
"457","1314-44554-A","KA",5,3,"2014-01-11 NA:NA",1325,0,1325,123,17.53,117,86,886
"458","1314-9-A","WB",6,4,"2014-01-12 14:30",3150,0,3150,187,18.28,150,105,887
"459","1314-13-A","WB",7,5,"2014-01-12 14:40",2250,0,2250,165,16.78,141,96,888
"460","1314-32480-S","KA",3,3,"2014-01-12 NA:NA",775,0,775,77,12.56,89,75,889
"461","1314-51481-A","KA",4,3,"2014-01-12 NA:NA",770,190,580,82,12.97,95,77,890
"462","1314-51481-B","KA",3,3,"2014-01-12 NA:NA",285,15,270,64,10.69,78,64,891
"463","1314-48445-S","KA",5,2,"2014-01-12 NA:NA",1625,0,1625,127,15.01,124,96,892
"464","1314-41336-A","KA",6,3,"2014-01-12 NA:NA",2250,0,2250,155,16.58,130,96,893
"465","1314-41336-B","KA",6,3,"2014-01-12 NA:NA",1225,0,1225,103,14.88,111,81,894
"466","1314-48931-S","KA",6,3,"2014-01-12 NA:NA",2225,0,2225,161,17.41,133,102,895
"467","1314-69773-S","KA",3,3,"2014-01-12 NA:NA",535,200,335,53,11.92,70,56,896
"468","1314-49972-A","KA",8,5,"2014-01-12 NA:NA",1725,0,1725,150,16.06,134,98,897
"469","1314-62154-S","KA",2,2,"2014-01-12 NA:NA",680,200,480,71,13.55,90,73,898
"470","1314-32462-S","KA",3,3,"2014-01-12 NA:NA",700,200,500,76,11.97,88,75,899
"471","1314-45151-S","KA",4,3,"2014-01-12 NA:NA",950,0,950,124,15.66,119,89,900
"472","1314-46604-S","KA",6,3,"2014-01-12 NA:NA",775,0,775,108,14.96,114,87,901
"473","1314-49909-S","KA",4,3,"2014-01-12 NA:NA",930,200,730,75,12.65,88,68,902
"474","1314-47679-B","KA",5,3,"2014-01-12 NA:NA",940,200,740,101,14.47,113,84,903
"475","1314-47679-A","KA",5,3,"2014-01-12 NA:NA",1825,0,1825,128,15.17,125,95,904
"476","1314-62288-S","KA",5,4,"2014-01-13 NA:NA",975,0,975,84,14.28,95,75,905
"477","1314-48611-S","KA",8,5,"2014-01-13 NA:NA",2900,0,2900,171,16.73,141,99,906
"478","1314-69644-A","KA",3,3,"2014-01-13 NA:NA",1000,0,1000,105,15.46,110,82,907
"479","1314-50054-A","KA",6,3,"2014-01-13 NA:NA",1400,0,1400,107,14.59,111,85,908
"480","1314-48326-S","KA",7,3,"2014-01-13 NA:NA",1350,0,1350,108,14.59,112,89,909
"481","1314-49554-S","KA",3,2,"2014-01-13 NA:NA",790,200,590,89,13.65,95,78,910
"482","1314-45846-A","KA",5,3,"2014-01-13 NA:NA",1750,0,1750,121,15.4,117,92,911
"483","1314-46792-S","KA",6,3,"2014-01-13 NA:NA",1525,0,1525,146,16.2,127,98,912
"484","1314-15-A","WB",7,4,"2014-01-13 18:50",2575,0,2575,165,18.66,141,104,913
"485","1314-12-A","WB",8,5,"2014-01-13 19:00",3050,0,3050,179,17.6,147,102,914
"486","1314-15-B","WB",6,4,"2014-01-13 19:05",1675,0,1675,134,16.65,125,96,915
"487","1314-45124-A","KA",7,4,"2014-01-14 NA:NA",2125,0,2125,148,16.16,135,100,916
"488","1314-47594-A","KA",8,5,"2014-01-14 NA:NA",1625,0,1625,124,15.17,131,102,917
"489","1314-47594-B","KA",7,5,"2014-01-14 NA:NA",1025,0,1025,103,14.98,115,86,918
"490","1314-46678-A","KA",5,2,"2014-01-14 NA:NA",1325,0,1325,124,15.53,120,87,919
"491","1314-49629-A","KA",5,3,"2014-01-14 NA:NA",1625,0,1625,128,14.94,124,91,920
"492","1314-32026-A","KA",4,3,"2014-01-14 NA:NA",1925,0,1925,143,17.14,133,99,921
"493","1314-46641-S","KA",5,3,"2014-01-14 NA:NA",2200,0,2200,165,16.36,143,103,922
"494","1314-41381-O","KA",6,4,"2014-01-14 NA:NA",1450,0,1450,114,12.65,115,88,923
"495","1314-7-A","WB",8,5,"2014-01-14 14:30",3550,0,3550,173,17.02,144,105,924
"496","1314-3-S","WB",7,4,"2014-01-14 14:40",1875,0,1875,146,16.22,134,96,925
"497","1314-44554-A","KA",5,4,"2014-01-15 NA:NA",2100,0,2100,137,15.87,127,90,926
"498","1314-51416-A","KA",5,4,"2014-01-15 NA:NA",1475,0,1475,114,13.86,119,86,927
"499","1314-48537-A","KA",5,4,"2014-01-15 NA:NA",900,0,900,100,13.84,108,81,928
"500","1314-70189-S","KA",7,4,"2014-01-15 NA:NA",1400,0,1400,138,15.38,125,95,929
"501","1314-40225-A","KA",8,5,"2014-01-15 NA:NA",1800,0,1800,152,16.29,134,94,930
"502","1314-48391-S","KA",7,5,"2014-01-15 NA:NA",1700,0,1700,141,15.81,124,95,931
"503","1314-50328-S","KA",3,3,"2014-01-15 NA:NA",615,185,430,64,12.15,79,65,932
"504","1314-13-A","WB",7,6,"2014-01-16 15:20",2375,0,2375,174,17.04,146,97,933
"505","1314-41381-A","KA",4,4,"2014-01-16 NA:NA",1125,0,1125,131,13.93,131,96,934
"506","1314-48000-S","KA",6,4,"2014-01-16 NA:NA",1200,0,1200,107,16.16,115,85,935
"507","1314-51089-A","KA",5,4,"2014-01-16 NA:NA",1350,0,1350,139,15.99,121,92,936
"508","1314-46183-A","KA",8,5,"2014-01-17 NA:NA",2225,0,2225,163,16.77,131,99,937
"509","1314-41336-B","KA",6,4,"2014-01-17 NA:NA",1250,0,1250,129,14.71,123,91,938
"510","1314-41336-A","KA",6,4,"2014-01-17 NA:NA",2425,0,2425,180,17.07,143,99,939
"511","1314-48445-S","KA",5,3,"2014-01-17 NA:NA",1425,0,1425,154,15.68,136,101,940
"512","1314-51481-A","KA",4,4,"2014-01-17 NA:NA",NA,0,NA,85,13.08,95,77,941
"513","1314-48931-S","KA",6,4,"2014-01-17 NA:NA",1875,0,1875,173,17.51,139,103,942
"514","1314-49554-S","KA",3,3,"2014-01-17 NA:NA",500,0,500,96,13.71,96,77,943
"515","1314-49972-A","KA",8,6,"2014-01-17 NA:NA",2000,0,2000,157,15.14,139,99,944
"516","1314-46792-S","KA",6,4,"2014-01-17 NA:NA",2725,0,2725,164,17.65,134,102,945
"517","1314-49909-S","KA",4,4,"2014-01-17 NA:NA",725,0,725,76,12.56,90,70,946
"518","1314-45151-S","KA",4,4,"2014-01-17 NA:NA",1600,0,1600,154,17.48,130,94,947
"519","1314-46604-S","KA",6,4,"2014-01-17 NA:NA",1525,0,1525,130,14.85,125,93,948
"520","1314-47679-B","KA",5,4,"2014-01-17 NA:NA",600,0,600,105,14.79,111,85,949
"521","1314-47679-A","KA",5,4,"2014-01-17 NA:NA",1725,0,1725,151,16.12,132,98,950
"522","1314-15-B","WB",6,5,"2014-01-19 13:40",1600,0,1600,155,17.36,129,96,952
"523","1314-3-S","WB",7,5,"2014-01-19 13:50",2150,0,2150,159,16.61,140,97,953
"524","1314-7-A","WB",8,6,"2014-01-19 14:00",3150,0,3150,183,18.53,151,102,954
"525","1314-9-A","WB",6,5,"2014-01-19 14:10",2925,0,2925,181,20.33,155,105,955
"526","1314-15-A","WB",7,5,"2014-01-19 14:20",2775,0,2775,180,19.25,150,99,956
"527","1314-41381-O","KA",6,5,"2014-01-19 NA:NA",1475,0,1475,132,14.37,122,89,957
"528","1314-48611-S","KA",8,6,"2014-01-19 NA:NA",2625,0,2625,174,18.1,139,99,958
"529","1314-45124-A","KA",7,5,"2014-01-19 NA:NA",2325,0,2325,170,17.08,142,102,959
"530","1314-47594-A","KA",8,6,"2014-01-19 NA:NA",1475,0,1475,144,16.4,134,104,960
"531","1314-47594-B","KA",7,6,"2014-01-19 NA:NA",975,0,975,118,15.76,119,89,961
"532","1314-46678-A","KA",5,3,"2014-01-19 NA:NA",1600,0,1600,140,16.87,127,90,962
"533","1314-48326-S","KA",7,4,"2014-01-19 NA:NA",1325,0,1325,125,15.83,119,90,963
"534","1314-45846-A","KA",5,4,"2014-01-19 NA:NA",1525,0,1525,157,16.91,131,99,964
"535","1314-46641-S","KA",5,4,"2014-01-19 NA:NA",2350,0,2350,175,16.24,145,101,965
"536","1314-62288-S","KA",5,5,"2014-01-19 NA:NA",1050,0,1050,108,15.44,109,86,966
"537","1314-13-A","WB",7,7,"2014-01-20 NA:NA",2925,0,2925,174,18.04,142,98,967
"538","1314-51416-A","KA",5,5,"2014-01-20 NA:NA",2150,0,2150,129,14.55,125,91,968
"539","1314-70189-S","KA",7,5,"2014-01-20 NA:NA",1825,0,1825,162,15.37,129,97,969
"540","1314-51089-A","KA",5,5,"2014-01-20 NA:NA",2275,0,2275,150,16.65,127,94,970
"541","1314-40225-A","KA",8,6,"2014-01-20 NA:NA",1375,25,1350,157,16.99,131,91,971
"542","1314-46183-A","KA",8,6,"2014-01-20 NA:NA",1650,0,1650,165,16.96,123,97,972
"543","1314-48391-S","KA",7,6,"2014-01-20 NA:NA",1600,0,1600,155,16.83,125,93,973
"544","1314-50054-A","KA",6,4,"2014-01-20 NA:NA",1650,0,1650,138,15.46,128,90,974
"545","1314-48537-A","KA",5,5,"2014-01-20 NA:NA",1250,0,1250,120,13.92,119,84,975
"546","1314-48000-S","KA",6,5,"2014-01-20 NA:NA",800,0,800,122,15.91,111,86,976
"547","1314-44554-A","KA",5,5,"2014-01-20 NA:NA",2450,0,2450,159,16.92,129,89,977
"548","1314-12-A","WB",8,6,"2014-01-19 14:30",3150,0,3150,187,18.65,152,101,978
"549","1314-12-A","WB",8,7,"2014-01-25 NA:NA",3690,0,3690,186,19.52,150,100,979
"550","1314-15-B","WB",6,6,"2014-01-25 NA:NA",1600,0,1600,162,18.3,131,95,980
"551","1314-9-A","WB",6,6,"2014-01-25 NA:NA",3175,0,3175,186,20.17,150,105,981
"552","1314-3-S","WB",7,6,"2014-01-25 NA:NA",2625,0,2625,166,17.64,140,95,982
"553","1314-7-A","WB",8,7,"2014-01-25 NA:NA",3625,0,3625,182,19.42,151,105,983
"554","1314-15-A","WB",7,6,"2014-01-25 NA:NA",2675,0,2675,181,20.56,141,100,984
"555","1314-48931-S","KA",6,5,"2014-01-25 NA:NA",2675,0,2675,186,18.93,145,100,985
"556","1314-45846-A","KA",5,5,"2014-01-25 NA:NA",2375,0,2375,171,17.73,135,99,986
"557","1314-46792-S","KA",6,5,"2014-01-25 NA:NA",2150,0,2150,178,18.45,140,99,987
"558","1314-47594-B","KA",7,7,"2014-01-25 NA:NA",775,0,775,119,15.69,117,88,988
"559","1314-47594-A","KA",8,7,"2014-01-25 NA:NA",1750,0,1750,160,16.6,138,99,989
"560","1314-50054-A","KA",6,5,"2014-01-25 NA:NA",2550,0,2550,155,15.53,133,90,990
"561","1314-49972-A","KA",8,7,"2014-01-25 NA:NA",1725,0,1725,166,16.47,134,96,991
"562","1314-48326-S","KA",7,5,"2014-01-25 NA:NA",1450,0,1450,138,16.38,124,92,992
"563","1314-41336-A","KA",6,5,"2014-01-25 NA:NA",2425,0,2425,184,18.79,142,97,993
"564","1314-41336-B","KA",6,5,"2014-01-25 NA:NA",1325,0,1325,150,14.58,129,93,994
"565","1314-48000-S","KA",6,6,"2014-01-26 NA:NA",NA,NA,NA,130,NA,117,87,995
"566","1314-46678-A","KA",5,4,"2014-01-26 NA:NA",2325,0,2325,165,17.51,133,90,996
"567","1314-45124-A","KA",7,6,"2014-01-26 NA:NA",2075,0,2075,176,17.49,140,102,997
"568","1314-70189-S","KA",7,6,"2014-01-26 NA:NA",2125,175,1950,175,16.41,140,100,999
"569","1314-46604-S","KA",6,5,"2014-01-26 NA:NA",2075,175,1900,158,16.59,134,95,1000
"570","1314-40225-A","KA",8,7,"2014-01-26 NA:NA",1700,175,1525,158,17.49,131,92,1001
"571","1314-46183-A","KA",8,7,"2014-01-26 NA:NA",1325,175,1150,164,17.77,124,97,1002
"572","1314-48391-S","KA",7,7,"2014-01-26 NA:NA",1825,175,1650,160,16.85,129,93,1003
"573","1314-41381-O","KA",6,6,"2014-01-26 NA:NA",2275,175,2100,160,15.27,128,91,1004
"574","1314-48445-S","KA",5,4,"2014-01-27 NA:NA",1950,0,1950,179,16.87,146,99,1005
"575","1314-46641-S","KA",5,5,"2014-01-27 NA:NA",2725,0,2725,180,17.25,150,100,1006
"576","1314-48611-S","KA",8,7,"2014-01-27 NA:NA",3275,0,3275,176,18.85,147,99,1007
"577","1314-47679-A","KA",5,5,"2014-01-27 NA:NA",2400,0,2400,168,17.49,140,98,1008
"578","1314-47679-B","KA",5,5,"2014-01-27 NA:NA",NA,NA,NA,106,14.2,100,79,1009
"579","1314-49629-A","KA",5,4,"2014-01-27 NA:NA",1775,0,1775,165,16.57,137,93,1010
"580","1314-41336-B","KA",6,6,"2014-01-29 NA:NA",1275,0,1275,155,14.53,129,90,1011
"581","1314-41336-A","KA",6,6,"2014-01-29 NA:NA",2375,0,2375,184,18.81,144,98,1012
"582","1314-46792-S","KA",6,6,"2014-01-29 NA:NA",2525,0,2525,184,19.4,141,103,1013
"583","1314-47594-A","KA",8,8,"2014-01-29 NA:NA",2875,0,2875,164,17.5,141,104,1014
"584","1314-50054-A","KA",6,6,"2014-01-29 NA:NA",2625,0,2625,165,15.96,138,92,1015
"585","1314-49972-A","KA",8,8,"2014-01-29 NA:NA",1550,0,1550,170,17.23,134,96,1016
"586","1314-48931-S","KA",6,6,"2014-01-29 NA:NA",2200,0,2200,186,19.22,146,100,1017
"587","1314-48326-S","KA",7,6,"2014-01-29 NA:NA",1500,0,1500,140,16.5,125,90,1018
"588","1314-12-A","WB",8,8,"2014-02-01 NA:NA",2775,25,2750,191,20.09,150,101,1019
"589","1314-3-S","WB",7,7,"2014-02-01 NA:NA",3250,25,3225,175,18.09,149,96,1020
"590","1314-15-A","WB",7,7,"2014-02-01 NA:NA",3275,0,3275,181,21.12,150,99,1021
"591","1314-46604-S","KA",6,6,"2014-02-01 NA:NA",1750,0,1750,165,17.11,137,95,1022
"592","1314-70189-S","KA",7,7,"2014-02-01 NA:NA",1625,0,1625,176,16.99,140,99,1023
"593","1314-49629-A","KA",5,5,"2014-02-01 NA:NA",1775,0,1775,172,16.53,137,95,1024
"594","1314-45124-A","KA",7,7,"2014-02-01 NA:NA",1750,0,1750,177,17.71,139,102,1025
"595","1314-40225-A","KA",8,8,"2014-02-01 NA:NA",1325,0,1325,159,17.81,130,96,1026
"596","1314-48445-S","KA",5,5,"2014-02-02 NA:NA",2225,0,2225,179,17.82,145,102,1027
"597","1314-32026-A","KA",4,4,"2014-02-02 NA:NA",1500,0,1500,170,18.4,145,99,1028
"598","1314-46678-A","KA",5,5,"2014-02-02 NA:NA",2025,0,2025,175,18.93,137,91,1029
"599","1314-48611-S","KA",8,8,"2014-02-02 NA:NA",3250,0,3250,177,19.01,152,98,1030
"600","1314-46183-A","KA",8,8,"2014-02-02 NA:NA",NA,NA,NA,160,17.18,125,96,1031
"601","1314-48326-S","KA",7,7,"2014-02-03 NA:NA",1175,0,1175,148,16.88,126,92,1035
"602","1314-7-A","WB",8,8,"2014-02-03 NA:NA",3975,0,3975,189,21.31,155,105,1036
